{"cameraMode":{"drawMode":0,"name":"Shaded","section":"Shading Mode"},"sceneLighting":false,"audioPlay":false,"sceneViewState":{"m_AlwaysRefresh":false,"showFog":true,"showSkybox":false,"showFlares":true,"showImageEffects":true,"showParticleSystems":true,"showVisualEffectGraphs":true,"m_FxEnabled":false},"in2DMode":false,"pivot":{"x":-0.009550213813781739,"y":0.9340848922729492,"z":0.018129020929336549},"rotation":{"x":-0.028510909527540208,"y":-0.9562403559684753,"z":0.0996231958270073,"w":-0.27363401651382449},"size":0.9809024930000305,"orthographic":false}