{"cameraMode":{"drawMode":0,"name":"Shaded","section":"Shading Mode"},"sceneLighting":false,"audioPlay":false,"sceneViewState":{"m_AlwaysRefresh":false,"showFog":true,"showSkybox":false,"showFlares":true,"showImageEffects":true,"showParticleSystems":true,"showVisualEffectGraphs":true,"m_FxEnabled":false},"in2DMode":false,"pivot":{"x":-0.24084484577178956,"y":0.8268788456916809,"z":-0.506181001663208},"rotation":{"x":-0.011823497712612152,"y":-0.9876096248626709,"z":0.09242036938667298,"w":-0.12631405889987946},"size":1.5809025764465333,"orthographic":false}