{"cameraMode":{"drawMode":0,"name":"Shaded","section":"Shading Mode"},"sceneLighting":true,"audioPlay":false,"sceneViewState":{"m_AlwaysRefresh":false,"showFog":true,"showSkybox":true,"showFlares":true,"showImageEffects":true,"showParticleSystems":true,"showVisualEffectGraphs":true,"m_FxEnabled":false},"in2DMode":false,"pivot":{"x":-0.33791887760162356,"y":0.1970127820968628,"z":-0.5880546569824219},"rotation":{"x":-0.18831020593643189,"y":0.16791434586048127,"z":-0.03269828483462334,"w":-0.9671075940132141},"size":1.5339746475219727,"orthographic":false}