{"cameraMode":{"drawMode":0,"name":"Shaded","section":"Shading Mode"},"sceneLighting":false,"audioPlay":false,"sceneViewState":{"m_AlwaysRefresh":false,"showFog":true,"showSkybox":false,"showFlares":true,"showImageEffects":true,"showParticleSystems":true,"showVisualEffectGraphs":true,"m_FxEnabled":false},"in2DMode":false,"pivot":{"x":0.13373291492462159,"y":1.0159063339233399,"z":-0.26279282569885256},"rotation":{"x":0.022885762155056,"y":-0.8795191049575806,"z":0.04252252355217934,"w":0.4734174311161041},"size":0.9809024930000305,"orthographic":false}