{"cameraMode":{"drawMode":0,"name":"Shaded","section":"Shading Mode"},"sceneLighting":false,"audioPlay":false,"sceneViewState":{"m_AlwaysRefresh":false,"showFog":true,"showSkybox":false,"showFlares":true,"showImageEffects":true,"showParticleSystems":true,"showVisualEffectGraphs":true,"m_FxEnabled":false},"in2DMode":false,"pivot":{"x":-0.009550213813781739,"y":0.9340848922729492,"z":0.018129020929336549},"rotation":{"x":-0.0025016821455210449,"y":-0.994762122631073,"z":0.09911438822746277,"w":-0.02508131042122841},"size":2.1809024810791017,"orthographic":false}